,input,output
0,-2.0,66.0
1,-1.5555555555555556,20.213077274805677
2,-1.1111111111111112,0.295381801554643
3,-0.6666666666666667,-4.814814814814815
4,-0.22222222222222232,-3.3699131229995434
5,0.22222222222222232,-0.8129858253315039
6,0.6666666666666665,0.22222222222222232
7,1.1111111111111107,-0.08870598994055756
8,1.5555555555555554,1.2391403749428425
9,2.0,10.0
