,input,output
0,-2.0,-81.0
1,-1.5555555555555556,-46.50403901844231
2,-1.1111111111111112,-26.38149672306051
3,-0.6666666666666667,-15.71604938271605
4,-0.22222222222222232,-10.527815881725347
5,0.22222222222222232,-7.773357719859777
6,0.6666666666666665,-5.3456790123456805
7,1.1111111111111107,-2.074226489864354
8,1.5555555555555554,2.275110501447948
9,2.0,7.0
