,input,output
0,-2.0,-22.0
1,-1.5555555555555556,-15.634506934918457
2,-1.1111111111111112,-9.381191891479958
3,-0.6666666666666667,-4.469135802469137
4,-0.22222222222222232,-1.1909769852156689
5,0.22222222222222232,1.0970888584057314
6,0.6666666666666665,3.975308641975307
7,1.1111111111111107,9.960371894528265
8,1.5555555555555554,22.505410760554785
9,2.0,46.0
