,input,output
0,-2.0,135.0
1,-1.5555555555555556,57.62094192958391
2,-1.1111111111111112,21.05029721079104
3,-0.6666666666666667,6.851851851851853
4,-0.22222222222222232,2.2080475537265665
5,0.22222222222222232,-0.08001828989483362
6,0.6666666666666665,-1.5925925925925921
7,1.1111111111111107,1.7087334247828
8,1.5555555555555554,19.48102423411064
9,2.0,67.0
