,input,output
0,-2.0,-3.0
1,-1.5555555555555556,-4.919829294314891
2,-1.1111111111111112,-4.318091754305746
3,-0.6666666666666667,-2.9506172839506175
4,-0.22222222222222232,-1.6367931717725959
5,0.22222222222222232,-0.2595640908398106
6,0.6666666666666665,2.2345679012345667
7,1.1111111111111107,7.835543362292327
8,1.5555555555555554,19.469745465630233
9,2.0,41.0
