,input,output
0,-2.0,31.0
1,-1.5555555555555556,14.59457399786618
2,-1.1111111111111112,6.241579027587259
3,-0.6666666666666667,2.6049382716049387
4,-0.22222222222222232,1.285017527815882
5,0.22222222222222232,0.8186252095717116
6,0.6666666666666665,0.6790123456790123
7,1.1111111111111107,1.275872580399328
8,1.5555555555555554,3.955342173449168
9,2.0,11.0
