,input,output
0,-2.0,111.0
1,-1.5555555555555556,48.033988721231516
2,-1.1111111111111112,15.829141899100748
3,-0.6666666666666667,1.5679012345679029
4,-0.22222222222222232,-3.8215211095869526
5,0.22222222222222232,-5.665142508763909
6,0.6666666666666665,-5.5432098765432105
7,1.1111111111111107,-1.2901996646852694
8,1.5555555555555554,13.005182136869372
9,2.0,47.0
