,input,output
0,-2.0,61.1
1,-1.5555555555555556,26.30012193263222
2,-1.1111111111111112,9.053665599756135
3,-0.6666666666666667,2.161728395061729
4,-0.22222222222222232,0.2982929431489104
5,0.22222222222222232,0.01022709952751101
6,0.6666666666666665,-0.282716049382716
7,1.1111111111111107,-0.2878981862520964
8,1.5555555555555554,2.160204237158968
9,2.0,11.1
