,input,output
0,-2.0,25.1
1,-1.5555555555555556,12.169958847736625
2,-1.1111111111111112,4.7707818930041155
3,-0.6666666666666667,1.3222222222222226
4,-0.22222222222222232,0.2440329218106997
5,0.22222222222222232,-0.04403292181069968
6,0.6666666666666665,-1.1222222222222216
7,1.1111111111111107,-4.570781893004111
8,1.5555555555555554,-11.969958847736622
9,2.0,-24.9
