,input,output
0,-2.0,24.1
1,-1.5555555555555556,11.392181069958848
2,-1.1111111111111112,4.21522633744856
3,-0.6666666666666667,0.988888888888889
4,-0.22222222222222232,0.13292181069958853
5,0.22222222222222232,0.06707818930041148
6,0.6666666666666665,-0.7888888888888884
7,1.1111111111111107,-4.0152263374485555
8,1.5555555555555554,-11.192181069958844
9,2.0,-23.9
