,input,output
0,-2.0,57.1
1,-1.5555555555555556,23.88036884621247
2,-1.1111111111111112,7.819097698521567
3,-0.6666666666666667,1.7172839506172846
4,-0.22222222222222232,0.24891022709952762
5,0.22222222222222232,-0.039155616521871744
6,0.6666666666666665,-0.7271604938271602
7,1.1111111111111107,-1.5224660874866633
8,1.5555555555555554,-0.25954884926078503
9,2.0,7.1
