,input,output
0,-2.0,151.0
1,-1.5555555555555556,65.97759487882945
2,-1.1111111111111112,24.792409693644267
3,-0.6666666666666667,8.481481481481483
4,-0.22222222222222232,3.700502972107911
5,0.22222222222222232,2.723822588020119
6,0.6666666666666665,3.4444444444444438
7,1.1111111111111107,9.374028349336982
8,1.5555555555555554,29.642889803383618
9,2.0,79.0
