,input,output
0,-2.0,122.0
1,-1.5555555555555556,56.422801402225275
2,-1.1111111111111112,24.52339582380735
3,-0.6666666666666667,11.728395061728396
4,-0.22222222222222232,8.14662399024539
5,0.22222222222222232,8.56912056089011
6,0.6666666666666665,12.469135802469134
7,1.1111111111111107,24.002133821063847
8,1.5555555555555554,52.005791800030465
9,2.0,110.0
