,input,output
0,-2.0,29.1
1,-1.5555555555555556,14.589711934156378
2,-1.1111111111111112,6.005349794238684
3,-0.6666666666666667,1.766666666666667
4,-0.22222222222222232,0.29341563786008246
5,0.22222222222222232,0.005349794238683092
6,0.6666666666666665,-0.6777777777777773
7,1.1111111111111107,-3.3362139917695437
8,1.5555555555555554,-9.55020576131687
9,2.0,-20.9
