,input,output
0,-2.0,47.0
1,-1.5555555555555556,10.376314586191132
2,-1.1111111111111112,-4.46044810242341
3,-0.6666666666666667,-7.518518518518519
4,-0.22222222222222232,-5.996799268404207
5,0.22222222222222232,-4.284865112025606
6,0.6666666666666665,-3.962962962962963
7,1.1111111111111107,-3.8020118884316427
8,1.5555555555555554,0.23639689071787462
9,2.0,15.0
