,input,output
0,-2.0,9.0
1,-1.5555555555555556,4.364121322969059
2,-1.1111111111111112,3.0399329370522787
3,-0.6666666666666667,3.271604938271605
4,-0.22222222222222232,4.2397500381039475
5,0.22222222222222232,6.061423563481178
6,0.6666666666666665,9.79012345679012
7,1.1111111111111107,17.41579027587257
8,1.5555555555555554,31.864807194025293
9,2.0,57.0
