,input,output
0,-2.0,99.0
1,-1.5555555555555556,43.1932632220698
2,-1.1111111111111112,14.948178631306202
3,-0.6666666666666667,4.4320987654321
4,-0.22222222222222232,3.6852613930803226
5,0.22222222222222232,6.62078951379363
6,0.6666666666666665,9.024691358024691
7,1.1111111111111107,8.555860387136109
8,1.5555555555555554,4.7460752934003985
9,2.0,-1.0
