,input,output
0,-2.0,49.0
1,-1.5555555555555556,14.527206218564245
2,-1.1111111111111112,-0.26566072245084404
3,-0.6666666666666667,-4.333333333333334
4,-0.22222222222222232,-3.8212162780064016
5,0.22222222222222232,-2.065386374028349
6,0.6666666666666665,0.40740740740740655
7,1.1111111111111107,5.879743941472329
8,1.5555555555555554,19.443529949702782
9,2.0,49.0
