,input,output
0,-2.0,33.1
1,-1.5555555555555556,12.588187776253621
2,-1.1111111111111112,3.703871361073008
3,-0.6666666666666667,0.8283950617283953
4,-0.22222222222222232,0.2159884163999391
5,0.22222222222222232,-0.006233805822283223
6,0.6666666666666665,0.16172839506172815
7,1.1111111111111107,2.592760249961892
8,1.5555555555555554,11.032632220698057
9,2.0,31.1
