,input,output
0,-2.0,-34.0
1,-1.5555555555555556,-8.502667276329827
2,-1.1111111111111112,2.7529340039628103
3,-0.6666666666666667,5.209876543209877
4,-0.22222222222222232,3.3747904282883714
5,0.22222222222222232,0.8178631306203317
6,0.6666666666666665,0.17283950617283939
7,1.1111111111111107,3.137021795458005
8,1.5555555555555554,10.471269623532994
9,2.0,22.0
