,input,output
0,-2.0,37.1
1,-1.5555555555555556,15.007940862673374
2,-1.1111111111111112,4.9384392623075755
3,-0.6666666666666667,1.27283950617284
4,-0.22222222222222232,0.26537113244932187
5,0.22222222222222232,0.043148910227099525
6,0.6666666666666665,0.6061728395061723
7,1.1111111111111107,3.827328151196459
8,1.5555555555555554,13.45238530711781
9,2.0,35.1
