,input,output
0,-2.0,57.0
1,-1.5555555555555556,19.36793171772596
2,-1.1111111111111112,4.615302545343697
3,-0.6666666666666667,0.8024691358024694
4,-0.22222222222222232,0.6720012193263221
5,0.22222222222222232,1.648681603414114
6,0.6666666666666665,5.839506172839504
7,1.1111111111111107,20.03368388965095
8,1.5555555555555554,55.70263679317175
9,2.0,129.0
