,input,output
0,-2.0,5.1
1,-1.5555555555555556,3.2975308641975305
2,-1.1111111111111112,1.8901234567901237
3,-0.6666666666666667,0.8777777777777779
4,-0.22222222222222232,0.26049382716049396
5,0.22222222222222232,0.03827160493827161
6,0.6666666666666665,0.211111111111111
7,1.1111111111111107,0.7790123456790117
8,1.5555555555555554,1.741975308641975
9,2.0,3.1
