,input,output
0,-2.0,42.0
1,-1.5555555555555556,1.553726566072247
2,-1.1111111111111112,-10.46273433927755
3,-0.6666666666666667,-9.851851851851851
4,-0.22222222222222232,-6.797439414723366
5,0.22222222222222232,-5.864654778235026
6,0.6666666666666665,-6.0
7,1.1111111111111107,-0.5313214449017014
8,1.5555555555555554,22.832190214906248
9,2.0,82.0
