,input,output
0,-2.0,42.1
1,-1.5555555555555556,24.70082304526749
2,-1.1111111111111112,13.227572016460908
3,-0.6666666666666667,6.1000000000000005
4,-0.22222222222222232,1.7378600823045276
5,0.22222222222222232,-1.4390946502057618
6,0.6666666666666665,-5.01111111111111
7,1.1111111111111107,-10.558436213991763
8,1.5555555555555554,-19.661316872427978
9,2.0,-33.9
