,input,output
0,-2.0,142.0
1,-1.5555555555555556,64.2691662856272
2,-1.1111111111111112,25.615302545343702
3,-0.6666666666666667,9.358024691358025
4,-0.22222222222222232,3.499161713153484
5,0.22222222222222232,0.7227556774881871
6,0.6666666666666665,-1.6049382716049374
7,1.1111111111111107,-1.4354519128181709
8,1.5555555555555554,7.961896052431024
9,2.0,38.0
